rdfid,name,time,value,sub_rdfid
_01D9AE7C82794BF28EC9C743A09A5C11,CLAR_VOLT,19.0,1.0,_2BCC3D5923464FED9E08EB12EC388BD7
_02585A763FE446A599EABAAE1946E663,CLAR_ANG,19.0,0.0,_2BCC3D5923464FED9E08EB12EC388BD7
_048E634F63974DB9959C118F947A5C9F,AMHE_VOLT,19.0,0.9999999999999999,_4273A87151C0409780237BFD866C23DA
_0713BD82B583442DBC61E779F2CF286B,AMHE_ANG,19.0,-21.793538786728213,_4273A87151C0409780237BFD866C23DA
_0A37CB75E86846668F178FF9316D695B,WINL_VOLT,19.0,0.9999999999999999,_4F715892155341C8A76534537F095B49
_0A5BDB6E87604E929E2AFBD74EC49D76,WINL_ANG,19.0,-26.115351286251535,_4F715892155341C8A76534537F095B49
_0B47C04EA3A045E3BACA27AF6809CCBF,BOWM_VOLT,19.0,0.8865780038516164,_58F637D8B03A4B12A67DF2E5797F9B6A
_0CDB2CCB4A86457DB174F44B0242DCA4,BOWM_ANG,19.0,-15.73456054478497,_58F637D8B03A4B12A67DF2E5797F9B6A
_0D37A27132EA4D94A8F0749B0766D1CE,TROY_VOLT,19.0,0.8351626672118526,_7324D6723635494784A4D8A9578FCE8A
_0DEC4920744048C5B136B40090428948,TROY_ANG,19.0,-28.490593576814472,_7324D6723635494784A4D8A9578FCE8A
_0E2507C6DA854A39A75E3EBADA882446,MAPL_VOLT,19.0,0.9490893642549391,_7AC1BC6CDFAF4F26A97AD322E9F5AD31
_1092FC782BA546479EB039E18D13844D,MAPL_ANG,19.0,-29.12372396287939,_7AC1BC6CDFAF4F26A97AD322E9F5AD31
_11691578444A449C95B5D999955F8E3B,GRAN_VOLT,19.0,0.8957904116536936,_7DD325DCEFC248989B72AAD58D3DD4E9
_121025A0C8334FEBB8D6BFB953D8CE54,GRAN_ANG,19.0,-33.93960520075368,_7DD325DCEFC248989B72AAD58D3DD4E9
_1329670D0EE04FBAA5D15ED8DA17C073,WAUT_VOLT,19.0,0.9330943233590019,_95D3CD0256FB4C9DB2860CFEFA45CD57
_141EB0670C394F5DB9D2E85567C7C474,WAUT_ANG,19.0,-28.061572403159676,_95D3CD0256FB4C9DB2860CFEFA45CD57
_14F8FF6E7ECD438AAD432529AA2D087F,CROSS_VOLT,19.0,0.7984207800356806,_9D8BB8E8B5DB40F6ABF515042B7DFF97
_160795646A1F4EDA9DAB9898ECC88150,CROSS_ANG,19.0,-31.197004402443227,_9D8BB8E8B5DB40F6ABF515042B7DFF97
_01D9AE7C82794BF28EC9C743A09A5C11,CLAR_VOLT,10.0,1.0,_2BCC3D5923464FED9E08EB12EC388BD7
_02585A763FE446A599EABAAE1946E663,CLAR_ANG,10.0,0.0,_2BCC3D5923464FED9E08EB12EC388BD7
_048E634F63974DB9959C118F947A5C9F,AMHE_VOLT,10.0,0.9999999999999999,_4273A87151C0409780237BFD866C23DA
_0713BD82B583442DBC61E779F2CF286B,AMHE_ANG,10.0,-18.69567431004046,_4273A87151C0409780237BFD866C23DA
_0A37CB75E86846668F178FF9316D695B,WINL_VOLT,10.0,0.9999999999999997,_4F715892155341C8A76534537F095B49
_0A5BDB6E87604E929E2AFBD74EC49D76,WINL_ANG,10.0,-22.968001295571497,_4F715892155341C8A76534537F095B49
_0B47C04EA3A045E3BACA27AF6809CCBF,BOWM_VOLT,10.0,0.8985556669997532,_58F637D8B03A4B12A67DF2E5797F9B6A
_0CDB2CCB4A86457DB174F44B0242DCA4,BOWM_ANG,10.0,-14.40501962872599,_58F637D8B03A4B12A67DF2E5797F9B6A
_0D37A27132EA4D94A8F0749B0766D1CE,TROY_VOLT,10.0,0.8565458591875686,_7324D6723635494784A4D8A9578FCE8A
_0DEC4920744048C5B136B40090428948,TROY_ANG,10.0,-25.734754199291512,_7324D6723635494784A4D8A9578FCE8A
_0E2507C6DA854A39A75E3EBADA882446,MAPL_VOLT,10.0,0.9538359847633455,_7AC1BC6CDFAF4F26A97AD322E9F5AD31
_1092FC782BA546479EB039E18D13844D,MAPL_ANG,10.0,-25.961389590737245,_7AC1BC6CDFAF4F26A97AD322E9F5AD31
_11691578444A449C95B5D999955F8E3B,GRAN_VOLT,10.0,0.8984169523037532,_7DD325DCEFC248989B72AAD58D3DD4E9
_121025A0C8334FEBB8D6BFB953D8CE54,GRAN_ANG,10.0,-30.64561543955604,_7DD325DCEFC248989B72AAD58D3DD4E9
_1329670D0EE04FBAA5D15ED8DA17C073,WAUT_VOLT,10.0,0.9357146834051716,_95D3CD0256FB4C9DB2860CFEFA45CD57
_141EB0670C394F5DB9D2E85567C7C474,WAUT_ANG,10.0,-24.94608496489578,_95D3CD0256FB4C9DB2860CFEFA45CD57
_14F8FF6E7ECD438AAD432529AA2D087F,CROSS_VOLT,10.0,0.8070415013368004,_9D8BB8E8B5DB40F6ABF515042B7DFF97
_160795646A1F4EDA9DAB9898ECC88150,CROSS_ANG,10.0,-28.485143819524566,_9D8BB8E8B5DB40F6ABF515042B7DFF97
_01D9AE7C82794BF28EC9C743A09A5C11,CLAR_VOLT,2.0,1.0,_2BCC3D5923464FED9E08EB12EC388BD7
_02585A763FE446A599EABAAE1946E663,CLAR_ANG,2.0,0.0,_2BCC3D5923464FED9E08EB12EC388BD7
_048E634F63974DB9959C118F947A5C9F,AMHE_VOLT,2.0,0.9999999999999997,_4273A87151C0409780237BFD866C23DA
_0713BD82B583442DBC61E779F2CF286B,AMHE_ANG,2.0,-22.16185388661166,_4273A87151C0409780237BFD866C23DA
_0A37CB75E86846668F178FF9316D695B,WINL_VOLT,2.0,1.0,_4F715892155341C8A76534537F095B49
_0A5BDB6E87604E929E2AFBD74EC49D76,WINL_ANG,2.0,-26.39023774175384,_4F715892155341C8A76534537F095B49
_0B47C04EA3A045E3BACA27AF6809CCBF,BOWM_VOLT,2.0,0.8868456013839112,_58F637D8B03A4B12A67DF2E5797F9B6A
_0CDB2CCB4A86457DB174F44B0242DCA4,BOWM_ANG,2.0,-15.722090019390581,_58F637D8B03A4B12A67DF2E5797F9B6A
_0D37A27132EA4D94A8F0749B0766D1CE,TROY_VOLT,2.0,0.8357859396270905,_7324D6723635494784A4D8A9578FCE8A
_0DEC4920744048C5B136B40090428948,TROY_ANG,2.0,-28.405534042886302,_7324D6723635494784A4D8A9578FCE8A
_0E2507C6DA854A39A75E3EBADA882446,MAPL_VOLT,2.0,0.9509926014753994,_7AC1BC6CDFAF4F26A97AD322E9F5AD31
_1092FC782BA546479EB039E18D13844D,MAPL_ANG,2.0,-29.39258419013881,_7AC1BC6CDFAF4F26A97AD322E9F5AD31
_11691578444A449C95B5D999955F8E3B,GRAN_VOLT,2.0,0.9022741596009319,_7DD325DCEFC248989B72AAD58D3DD4E9
_121025A0C8334FEBB8D6BFB953D8CE54,GRAN_ANG,2.0,-34.371602463954964,_7DD325DCEFC248989B72AAD58D3DD4E9
_1329670D0EE04FBAA5D15ED8DA17C073,WAUT_VOLT,2.0,0.9355747544445524,_95D3CD0256FB4C9DB2860CFEFA45CD57
_141EB0670C394F5DB9D2E85567C7C474,WAUT_ANG,2.0,-28.413203109233702,_95D3CD0256FB4C9DB2860CFEFA45CD57
_14F8FF6E7ECD438AAD432529AA2D087F,CROSS_VOLT,2.0,0.7987083493969814,_9D8BB8E8B5DB40F6ABF515042B7DFF97
_160795646A1F4EDA9DAB9898ECC88150,CROSS_ANG,2.0,-31.221868044048062,_9D8BB8E8B5DB40F6ABF515042B7DFF97
_01D9AE7C82794BF28EC9C743A09A5C11,CLAR_VOLT,3.0,1.0,_2BCC3D5923464FED9E08EB12EC388BD7
_02585A763FE446A599EABAAE1946E663,CLAR_ANG,3.0,0.0,_2BCC3D5923464FED9E08EB12EC388BD7
_048E634F63974DB9959C118F947A5C9F,AMHE_VOLT,3.0,1.0,_4273A87151C0409780237BFD866C23DA
_0713BD82B583442DBC61E779F2CF286B,AMHE_ANG,3.0,-20.285278889001887,_4273A87151C0409780237BFD866C23DA
_0A37CB75E86846668F178FF9316D695B,WINL_VOLT,3.0,1.0,_4F715892155341C8A76534537F095B49
_0A5BDB6E87604E929E2AFBD74EC49D76,WINL_ANG,3.0,-24.53249035316137,_4F715892155341C8A76534537F095B49
_0B47C04EA3A045E3BACA27AF6809CCBF,BOWM_VOLT,3.0,0.8998823561520888,_58F637D8B03A4B12A67DF2E5797F9B6A
_0CDB2CCB4A86457DB174F44B0242DCA4,BOWM_ANG,3.0,-15.185963078002045,_58F637D8B03A4B12A67DF2E5797F9B6A
_0D37A27132EA4D94A8F0749B0766D1CE,TROY_VOLT,3.0,0.8559711715603948,_7324D6723635494784A4D8A9578FCE8A
_0DEC4920744048C5B136B40090428948,TROY_ANG,3.0,-27.18593051366679,_7324D6723635494784A4D8A9578FCE8A
_0E2507C6DA854A39A75E3EBADA882446,MAPL_VOLT,3.0,0.9554930403727785,_7AC1BC6CDFAF4F26A97AD322E9F5AD31
_1092FC782BA546479EB039E18D13844D,MAPL_ANG,3.0,-27.520682674347444,_7AC1BC6CDFAF4F26A97AD322E9F5AD31
_11691578444A449C95B5D999955F8E3B,GRAN_VOLT,3.0,0.9043436823165727,_7DD325DCEFC248989B72AAD58D3DD4E9
_121025A0C8334FEBB8D6BFB953D8CE54,GRAN_ANG,3.0,-32.23560250801271,_7DD325DCEFC248989B72AAD58D3DD4E9
_1329670D0EE04FBAA5D15ED8DA17C073,WAUT_VOLT,3.0,0.9399657388601741,_95D3CD0256FB4C9DB2860CFEFA45CD57
_141EB0670C394F5DB9D2E85567C7C474,WAUT_ANG,3.0,-26.507309756591862,_95D3CD0256FB4C9DB2860CFEFA45CD57
_14F8FF6E7ECD438AAD432529AA2D087F,CROSS_VOLT,3.0,0.8186435415773192,_9D8BB8E8B5DB40F6ABF515042B7DFF97
_160795646A1F4EDA9DAB9898ECC88150,CROSS_ANG,3.0,-29.87110511491382,_9D8BB8E8B5DB40F6ABF515042B7DFF97
_01D9AE7C82794BF28EC9C743A09A5C11,CLAR_VOLT,4.0,1.0,_2BCC3D5923464FED9E08EB12EC388BD7
_02585A763FE446A599EABAAE1946E663,CLAR_ANG,4.0,0.0,_2BCC3D5923464FED9E08EB12EC388BD7
_048E634F63974DB9959C118F947A5C9F,AMHE_VOLT,4.0,0.9999999999999996,_4273A87151C0409780237BFD866C23DA
_0713BD82B583442DBC61E779F2CF286B,AMHE_ANG,4.0,-19.58766337971988,_4273A87151C0409780237BFD866C23DA
_0A37CB75E86846668F178FF9316D695B,WINL_VOLT,4.0,0.9999999999999998,_4F715892155341C8A76534537F095B49
_0A5BDB6E87604E929E2AFBD74EC49D76,WINL_ANG,4.0,-24.107545170115802,_4F715892155341C8A76534537F095B49
_0B47C04EA3A045E3BACA27AF6809CCBF,BOWM_VOLT,4.0,0.8987219198548163,_58F637D8B03A4B12A67DF2E5797F9B6A
_0CDB2CCB4A86457DB174F44B0242DCA4,BOWM_ANG,4.0,-14.987736564636043,_58F637D8B03A4B12A67DF2E5797F9B6A
_0D37A27132EA4D94A8F0749B0766D1CE,TROY_VOLT,4.0,0.847652172327592,_7324D6723635494784A4D8A9578FCE8A
_0DEC4920744048C5B136B40090428948,TROY_ANG,4.0,-27.212192060987505,_7324D6723635494784A4D8A9578FCE8A
_0E2507C6DA854A39A75E3EBADA882446,MAPL_VOLT,4.0,0.9554026523292556,_7AC1BC6CDFAF4F26A97AD322E9F5AD31
_1092FC782BA546479EB039E18D13844D,MAPL_ANG,4.0,-27.096020452677593,_7AC1BC6CDFAF4F26A97AD322E9F5AD31
_11691578444A449C95B5D999955F8E3B,GRAN_VOLT,4.0,0.9080673667485534,_7DD325DCEFC248989B72AAD58D3DD4E9
_121025A0C8334FEBB8D6BFB953D8CE54,GRAN_ANG,4.0,-31.51226435940355,_7DD325DCEFC248989B72AAD58D3DD4E9
_1329670D0EE04FBAA5D15ED8DA17C073,WAUT_VOLT,4.0,0.9416556885886461,_95D3CD0256FB4C9DB2860CFEFA45CD57
_141EB0670C394F5DB9D2E85567C7C474,WAUT_ANG,4.0,-25.798483847861416,_95D3CD0256FB4C9DB2860CFEFA45CD57
_14F8FF6E7ECD438AAD432529AA2D087F,CROSS_VOLT,4.0,0.8200725880229862,_9D8BB8E8B5DB40F6ABF515042B7DFF97
_160795646A1F4EDA9DAB9898ECC88150,CROSS_ANG,4.0,-29.132334212179487,_9D8BB8E8B5DB40F6ABF515042B7DFF97
_01D9AE7C82794BF28EC9C743A09A5C11,CLAR_VOLT,9.0,1.0,_2BCC3D5923464FED9E08EB12EC388BD7
_02585A763FE446A599EABAAE1946E663,CLAR_ANG,9.0,0.0,_2BCC3D5923464FED9E08EB12EC388BD7
_048E634F63974DB9959C118F947A5C9F,AMHE_VOLT,9.0,1.0,_4273A87151C0409780237BFD866C23DA
_0713BD82B583442DBC61E779F2CF286B,AMHE_ANG,9.0,24.480072264934492,_4273A87151C0409780237BFD866C23DA
_0A37CB75E86846668F178FF9316D695B,WINL_VOLT,9.0,0.9999999999999998,_4F715892155341C8A76534537F095B49
_0A5BDB6E87604E929E2AFBD74EC49D76,WINL_ANG,9.0,19.25330353028042,_4F715892155341C8A76534537F095B49
_0B47C04EA3A045E3BACA27AF6809CCBF,BOWM_VOLT,9.0,0.989366420035854,_58F637D8B03A4B12A67DF2E5797F9B6A
_0CDB2CCB4A86457DB174F44B0242DCA4,BOWM_ANG,9.0,4.085186265273659,_58F637D8B03A4B12A67DF2E5797F9B6A
_0D37A27132EA4D94A8F0749B0766D1CE,TROY_VOLT,9.0,0.9903918138465002,_7324D6723635494784A4D8A9578FCE8A
_0DEC4920744048C5B136B40090428948,TROY_ANG,9.0,7.3001944352313926,_7324D6723635494784A4D8A9578FCE8A
_0E2507C6DA854A39A75E3EBADA882446,MAPL_VOLT,9.0,1.0128889320927916,_7AC1BC6CDFAF4F26A97AD322E9F5AD31
_1092FC782BA546479EB039E18D13844D,MAPL_ANG,9.0,16.434579577247998,_7AC1BC6CDFAF4F26A97AD322E9F5AD31
_11691578444A449C95B5D999955F8E3B,GRAN_VOLT,9.0,1.0086705175366135,_7DD325DCEFC248989B72AAD58D3DD4E9
_121025A0C8334FEBB8D6BFB953D8CE54,GRAN_ANG,9.0,16.95298287933798,_7DD325DCEFC248989B72AAD58D3DD4E9
_1329670D0EE04FBAA5D15ED8DA17C073,WAUT_VOLT,9.0,1.0087486850262428,_95D3CD0256FB4C9DB2860CFEFA45CD57
_141EB0670C394F5DB9D2E85567C7C474,WAUT_ANG,9.0,18.683806406248973,_95D3CD0256FB4C9DB2860CFEFA45CD57
_14F8FF6E7ECD438AAD432529AA2D087F,CROSS_VOLT,9.0,0.9812532273251431,_9D8BB8E8B5DB40F6ABF515042B7DFF97
_160795646A1F4EDA9DAB9898ECC88150,CROSS_ANG,9.0,7.445417064840635,_9D8BB8E8B5DB40F6ABF515042B7DFF97
_01D9AE7C82794BF28EC9C743A09A5C11,CLAR_VOLT,7.0,1.0,_2BCC3D5923464FED9E08EB12EC388BD7
_02585A763FE446A599EABAAE1946E663,CLAR_ANG,7.0,0.0,_2BCC3D5923464FED9E08EB12EC388BD7
_048E634F63974DB9959C118F947A5C9F,AMHE_VOLT,7.0,1.0,_4273A87151C0409780237BFD866C23DA
_0713BD82B583442DBC61E779F2CF286B,AMHE_ANG,7.0,25.390026827515815,_4273A87151C0409780237BFD866C23DA
_0A37CB75E86846668F178FF9316D695B,WINL_VOLT,7.0,0.9999999999999998,_4F715892155341C8A76534537F095B49
_0A5BDB6E87604E929E2AFBD74EC49D76,WINL_ANG,7.0,20.13407828115141,_4F715892155341C8A76534537F095B49
_0B47C04EA3A045E3BACA27AF6809CCBF,BOWM_VOLT,7.0,0.9877356763005314,_58F637D8B03A4B12A67DF2E5797F9B6A
_0CDB2CCB4A86457DB174F44B0242DCA4,BOWM_ANG,7.0,4.5183238100578045,_58F637D8B03A4B12A67DF2E5797F9B6A
_0D37A27132EA4D94A8F0749B0766D1CE,TROY_VOLT,7.0,0.9920145531228709,_7324D6723635494784A4D8A9578FCE8A
_0DEC4920744048C5B136B40090428948,TROY_ANG,7.0,8.078464776497324,_7324D6723635494784A4D8A9578FCE8A
_0E2507C6DA854A39A75E3EBADA882446,MAPL_VOLT,7.0,1.0127486366004335,_7AC1BC6CDFAF4F26A97AD322E9F5AD31
_1092FC782BA546479EB039E18D13844D,MAPL_ANG,7.0,17.314963536506397,_7AC1BC6CDFAF4F26A97AD322E9F5AD31
_11691578444A449C95B5D999955F8E3B,GRAN_VOLT,7.0,1.0073320959690752,_7DD325DCEFC248989B72AAD58D3DD4E9
_121025A0C8334FEBB8D6BFB953D8CE54,GRAN_ANG,7.0,17.895682650540714,_7DD325DCEFC248989B72AAD58D3DD4E9
_1329670D0EE04FBAA5D15ED8DA17C073,WAUT_VOLT,7.0,1.0075474923668473,_95D3CD0256FB4C9DB2860CFEFA45CD57
_141EB0670C394F5DB9D2E85567C7C474,WAUT_ANG,7.0,19.586826978999255,_95D3CD0256FB4C9DB2860CFEFA45CD57
_14F8FF6E7ECD438AAD432529AA2D087F,CROSS_VOLT,7.0,0.9774557492058016,_9D8BB8E8B5DB40F6ABF515042B7DFF97
_160795646A1F4EDA9DAB9898ECC88150,CROSS_ANG,7.0,8.220755607773285,_9D8BB8E8B5DB40F6ABF515042B7DFF97
_01D9AE7C82794BF28EC9C743A09A5C11,CLAR_VOLT,8.0,1.0,_2BCC3D5923464FED9E08EB12EC388BD7
_02585A763FE446A599EABAAE1946E663,CLAR_ANG,8.0,0.0,_2BCC3D5923464FED9E08EB12EC388BD7
_048E634F63974DB9959C118F947A5C9F,AMHE_VOLT,8.0,1.0,_4273A87151C0409780237BFD866C23DA
_0713BD82B583442DBC61E779F2CF286B,AMHE_ANG,8.0,24.326777090415973,_4273A87151C0409780237BFD866C23DA
_0A37CB75E86846668F178FF9316D695B,WINL_VOLT,8.0,1.0,_4F715892155341C8A76534537F095B49
_0A5BDB6E87604E929E2AFBD74EC49D76,WINL_ANG,8.0,19.140118255178113,_4F715892155341C8A76534537F095B49
_0B47C04EA3A045E3BACA27AF6809CCBF,BOWM_VOLT,8.0,0.9896142872994583,_58F637D8B03A4B12A67DF2E5797F9B6A
_0CDB2CCB4A86457DB174F44B0242DCA4,BOWM_ANG,8.0,4.094145137038479,_58F637D8B03A4B12A67DF2E5797F9B6A
_0D37A27132EA4D94A8F0749B0766D1CE,TROY_VOLT,8.0,0.990876518301819,_7324D6723635494784A4D8A9578FCE8A
_0DEC4920744048C5B136B40090428948,TROY_ANG,8.0,7.335069718099459,_7324D6723635494784A4D8A9578FCE8A
_0E2507C6DA854A39A75E3EBADA882446,MAPL_VOLT,8.0,1.0139256741359848,_7AC1BC6CDFAF4F26A97AD322E9F5AD31
_1092FC782BA546479EB039E18D13844D,MAPL_ANG,8.0,16.32427877969766,_7AC1BC6CDFAF4F26A97AD322E9F5AD31
_11691578444A449C95B5D999955F8E3B,GRAN_VOLT,8.0,1.0116992388261492,_7DD325DCEFC248989B72AAD58D3DD4E9
_121025A0C8334FEBB8D6BFB953D8CE54,GRAN_ANG,8.0,16.756191989525103,_7DD325DCEFC248989B72AAD58D3DD4E9
_1329670D0EE04FBAA5D15ED8DA17C073,WAUT_VOLT,8.0,1.0100399343663815,_95D3CD0256FB4C9DB2860CFEFA45CD57
_141EB0670C394F5DB9D2E85567C7C474,WAUT_ANG,8.0,18.53794659337795,_95D3CD0256FB4C9DB2860CFEFA45CD57
_14F8FF6E7ECD438AAD432529AA2D087F,CROSS_VOLT,8.0,0.9817268390601664,_9D8BB8E8B5DB40F6ABF515042B7DFF97
_160795646A1F4EDA9DAB9898ECC88150,CROSS_ANG,8.0,7.43753290409855,_9D8BB8E8B5DB40F6ABF515042B7DFF97
_01D9AE7C82794BF28EC9C743A09A5C11,CLAR_VOLT,6.0,1.0,_2BCC3D5923464FED9E08EB12EC388BD7
_02585A763FE446A599EABAAE1946E663,CLAR_ANG,6.0,0.0,_2BCC3D5923464FED9E08EB12EC388BD7
_048E634F63974DB9959C118F947A5C9F,AMHE_VOLT,6.0,1.0,_4273A87151C0409780237BFD866C23DA
_0713BD82B583442DBC61E779F2CF286B,AMHE_ANG,6.0,24.601590013196667,_4273A87151C0409780237BFD866C23DA
_0A37CB75E86846668F178FF9316D695B,WINL_VOLT,6.0,0.9999999999999999,_4F715892155341C8A76534537F095B49
_0A5BDB6E87604E929E2AFBD74EC49D76,WINL_ANG,6.0,19.398924146571733,_4F715892155341C8A76534537F095B49
_0B47C04EA3A045E3BACA27AF6809CCBF,BOWM_VOLT,6.0,0.9918046063834267,_58F637D8B03A4B12A67DF2E5797F9B6A
_0CDB2CCB4A86457DB174F44B0242DCA4,BOWM_ANG,6.0,4.173009872740227,_58F637D8B03A4B12A67DF2E5797F9B6A
_0D37A27132EA4D94A8F0749B0766D1CE,TROY_VOLT,6.0,0.9953802576956834,_7324D6723635494784A4D8A9578FCE8A
_0DEC4920744048C5B136B40090428948,TROY_ANG,6.0,7.440688757915829,_7324D6723635494784A4D8A9578FCE8A
_0E2507C6DA854A39A75E3EBADA882446,MAPL_VOLT,6.0,1.014418010648113,_7AC1BC6CDFAF4F26A97AD322E9F5AD31
_1092FC782BA546479EB039E18D13844D,MAPL_ANG,6.0,16.58445240803784,_7AC1BC6CDFAF4F26A97AD322E9F5AD31
_11691578444A449C95B5D999955F8E3B,GRAN_VOLT,6.0,1.0107866866661366,_7DD325DCEFC248989B72AAD58D3DD4E9
_121025A0C8334FEBB8D6BFB953D8CE54,GRAN_ANG,6.0,17.110994537972463,_7DD325DCEFC248989B72AAD58D3DD4E9
_1329670D0EE04FBAA5D15ED8DA17C073,WAUT_VOLT,6.0,1.0102907346604995,_95D3CD0256FB4C9DB2860CFEFA45CD57
_141EB0670C394F5DB9D2E85567C7C474,WAUT_ANG,6.0,18.814201476198726,_95D3CD0256FB4C9DB2860CFEFA45CD57
_14F8FF6E7ECD438AAD432529AA2D087F,CROSS_VOLT,6.0,0.9855078568066469,_9D8BB8E8B5DB40F6ABF515042B7DFF97
_160795646A1F4EDA9DAB9898ECC88150,CROSS_ANG,6.0,7.552437736177666,_9D8BB8E8B5DB40F6ABF515042B7DFF97
_01D9AE7C82794BF28EC9C743A09A5C11,CLAR_VOLT,1.0,1.0,_2BCC3D5923464FED9E08EB12EC388BD7
_02585A763FE446A599EABAAE1946E663,CLAR_ANG,1.0,0.0,_2BCC3D5923464FED9E08EB12EC388BD7
_048E634F63974DB9959C118F947A5C9F,AMHE_VOLT,1.0,0.9999999999999998,_4273A87151C0409780237BFD866C23DA
_0713BD82B583442DBC61E779F2CF286B,AMHE_ANG,1.0,24.933915420350143,_4273A87151C0409780237BFD866C23DA
_0A37CB75E86846668F178FF9316D695B,WINL_VOLT,1.0,0.9999999999999997,_4F715892155341C8A76534537F095B49
_0A5BDB6E87604E929E2AFBD74EC49D76,WINL_ANG,1.0,19.641578404745733,_4F715892155341C8A76534537F095B49
_0B47C04EA3A045E3BACA27AF6809CCBF,BOWM_VOLT,1.0,0.9900946326705655,_58F637D8B03A4B12A67DF2E5797F9B6A
_0CDB2CCB4A86457DB174F44B0242DCA4,BOWM_ANG,1.0,4.266952662777858,_58F637D8B03A4B12A67DF2E5797F9B6A
_0D37A27132EA4D94A8F0749B0766D1CE,TROY_VOLT,1.0,0.9911209716293856,_7324D6723635494784A4D8A9578FCE8A
_0DEC4920744048C5B136B40090428948,TROY_ANG,1.0,7.4968581235685745,_7324D6723635494784A4D8A9578FCE8A
_0E2507C6DA854A39A75E3EBADA882446,MAPL_VOLT,1.0,1.0139200782401145,_7AC1BC6CDFAF4F26A97AD322E9F5AD31
_1092FC782BA546479EB039E18D13844D,MAPL_ANG,1.0,16.825723375926053,_7AC1BC6CDFAF4F26A97AD322E9F5AD31
_11691578444A449C95B5D999955F8E3B,GRAN_VOLT,1.0,1.0117476301895683,_7DD325DCEFC248989B72AAD58D3DD4E9
_121025A0C8334FEBB8D6BFB953D8CE54,GRAN_ANG,1.0,17.451404561901885,_7DD325DCEFC248989B72AAD58D3DD4E9
_1329670D0EE04FBAA5D15ED8DA17C073,WAUT_VOLT,1.0,1.010437998111581,_95D3CD0256FB4C9DB2860CFEFA45CD57
_141EB0670C394F5DB9D2E85567C7C474,WAUT_ANG,1.0,19.147373229757363,_95D3CD0256FB4C9DB2860CFEFA45CD57
_14F8FF6E7ECD438AAD432529AA2D087F,CROSS_VOLT,1.0,0.9842190494473162,_9D8BB8E8B5DB40F6ABF515042B7DFF97
_160795646A1F4EDA9DAB9898ECC88150,CROSS_ANG,1.0,7.863890655587712,_9D8BB8E8B5DB40F6ABF515042B7DFF97
_01D9AE7C82794BF28EC9C743A09A5C11,CLAR_VOLT,12.0,1.0,_2BCC3D5923464FED9E08EB12EC388BD7
_02585A763FE446A599EABAAE1946E663,CLAR_ANG,12.0,0.0,_2BCC3D5923464FED9E08EB12EC388BD7
_048E634F63974DB9959C118F947A5C9F,AMHE_VOLT,12.0,0.9999999999999999,_4273A87151C0409780237BFD866C23DA
_0713BD82B583442DBC61E779F2CF286B,AMHE_ANG,12.0,18.409599146257804,_4273A87151C0409780237BFD866C23DA
_0A37CB75E86846668F178FF9316D695B,WINL_VOLT,12.0,0.9999999999999997,_4F715892155341C8A76534537F095B49
_0A5BDB6E87604E929E2AFBD74EC49D76,WINL_ANG,12.0,19.609602218633874,_4F715892155341C8A76534537F095B49
_0B47C04EA3A045E3BACA27AF6809CCBF,BOWM_VOLT,12.0,0.9717900887272845,_58F637D8B03A4B12A67DF2E5797F9B6A
_0CDB2CCB4A86457DB174F44B0242DCA4,BOWM_ANG,12.0,-2.8471941581340565,_58F637D8B03A4B12A67DF2E5797F9B6A
_0D37A27132EA4D94A8F0749B0766D1CE,TROY_VOLT,12.0,0.9439815936862208,_7324D6723635494784A4D8A9578FCE8A
_0DEC4920744048C5B136B40090428948,TROY_ANG,12.0,-8.061669928056066,_7324D6723635494784A4D8A9578FCE8A
_0E2507C6DA854A39A75E3EBADA882446,MAPL_VOLT,12.0,1.0056738352669004,_7AC1BC6CDFAF4F26A97AD322E9F5AD31
_1092FC782BA546479EB039E18D13844D,MAPL_ANG,12.0,16.7706391323869,_7AC1BC6CDFAF4F26A97AD322E9F5AD31
_11691578444A449C95B5D999955F8E3B,GRAN_VOLT,12.0,0.9818813005596078,_7DD325DCEFC248989B72AAD58D3DD4E9
_121025A0C8334FEBB8D6BFB953D8CE54,GRAN_ANG,12.0,11.921123452085926,_7DD325DCEFC248989B72AAD58D3DD4E9
_1329670D0EE04FBAA5D15ED8DA17C073,WAUT_VOLT,12.0,0.9890437439179602,_95D3CD0256FB4C9DB2860CFEFA45CD57
_141EB0670C394F5DB9D2E85567C7C474,WAUT_ANG,12.0,12.497445435837763,_95D3CD0256FB4C9DB2860CFEFA45CD57
_14F8FF6E7ECD438AAD432529AA2D087F,CROSS_VOLT,12.0,0.9334626797040496,_9D8BB8E8B5DB40F6ABF515042B7DFF97
_160795646A1F4EDA9DAB9898ECC88150,CROSS_ANG,12.0,-2.0356380908563545,_9D8BB8E8B5DB40F6ABF515042B7DFF97
_01D9AE7C82794BF28EC9C743A09A5C11,CLAR_VOLT,15.0,1.0,_2BCC3D5923464FED9E08EB12EC388BD7
_02585A763FE446A599EABAAE1946E663,CLAR_ANG,15.0,0.0,_2BCC3D5923464FED9E08EB12EC388BD7
_048E634F63974DB9959C118F947A5C9F,AMHE_VOLT,15.0,1.0,_4273A87151C0409780237BFD866C23DA
_0713BD82B583442DBC61E779F2CF286B,AMHE_ANG,15.0,19.43535893275755,_4273A87151C0409780237BFD866C23DA
_0A37CB75E86846668F178FF9316D695B,WINL_VOLT,15.0,0.9999999999999998,_4F715892155341C8A76534537F095B49
_0A5BDB6E87604E929E2AFBD74EC49D76,WINL_ANG,15.0,20.719126666979694,_4F715892155341C8A76534537F095B49
_0B47C04EA3A045E3BACA27AF6809CCBF,BOWM_VOLT,15.0,0.9721775967803141,_58F637D8B03A4B12A67DF2E5797F9B6A
_0CDB2CCB4A86457DB174F44B0242DCA4,BOWM_ANG,15.0,-2.4004608576625004,_58F637D8B03A4B12A67DF2E5797F9B6A
_0D37A27132EA4D94A8F0749B0766D1CE,TROY_VOLT,15.0,0.9461350960984287,_7324D6723635494784A4D8A9578FCE8A
_0DEC4920744048C5B136B40090428948,TROY_ANG,15.0,-7.255673210323708,_7324D6723635494784A4D8A9578FCE8A
_0E2507C6DA854A39A75E3EBADA882446,MAPL_VOLT,15.0,1.0057188886940318,_7AC1BC6CDFAF4F26A97AD322E9F5AD31
_1092FC782BA546479EB039E18D13844D,MAPL_ANG,15.0,17.880290862608636,_7AC1BC6CDFAF4F26A97AD322E9F5AD31
_11691578444A449C95B5D999955F8E3B,GRAN_VOLT,15.0,0.9819973063063763,_7DD325DCEFC248989B72AAD58D3DD4E9
_121025A0C8334FEBB8D6BFB953D8CE54,GRAN_ANG,15.0,13.031098224773043,_7DD325DCEFC248989B72AAD58D3DD4E9
_1329670D0EE04FBAA5D15ED8DA17C073,WAUT_VOLT,15.0,0.9890199535167074,_95D3CD0256FB4C9DB2860CFEFA45CD57
_141EB0670C394F5DB9D2E85567C7C474,WAUT_ANG,15.0,13.52306250139495,_95D3CD0256FB4C9DB2860CFEFA45CD57
_14F8FF6E7ECD438AAD432529AA2D087F,CROSS_VOLT,15.0,0.9336126380271454,_9D8BB8E8B5DB40F6ABF515042B7DFF97
_160795646A1F4EDA9DAB9898ECC88150,CROSS_ANG,15.0,-1.212368152373004,_9D8BB8E8B5DB40F6ABF515042B7DFF97
_01D9AE7C82794BF28EC9C743A09A5C11,CLAR_VOLT,5.0,1.0,_2BCC3D5923464FED9E08EB12EC388BD7
_02585A763FE446A599EABAAE1946E663,CLAR_ANG,5.0,0.0,_2BCC3D5923464FED9E08EB12EC388BD7
_048E634F63974DB9959C118F947A5C9F,AMHE_VOLT,5.0,0.9999999999999998,_4273A87151C0409780237BFD866C23DA
_0713BD82B583442DBC61E779F2CF286B,AMHE_ANG,5.0,18.089618856834058,_4273A87151C0409780237BFD866C23DA
_0A37CB75E86846668F178FF9316D695B,WINL_VOLT,5.0,1.0,_4F715892155341C8A76534537F095B49
_0A5BDB6E87604E929E2AFBD74EC49D76,WINL_ANG,5.0,19.19130658147895,_4F715892155341C8A76534537F095B49
_0B47C04EA3A045E3BACA27AF6809CCBF,BOWM_VOLT,5.0,0.9725091659354587,_58F637D8B03A4B12A67DF2E5797F9B6A
_0CDB2CCB4A86457DB174F44B0242DCA4,BOWM_ANG,5.0,-2.830205883346636,_58F637D8B03A4B12A67DF2E5797F9B6A
_0D37A27132EA4D94A8F0749B0766D1CE,TROY_VOLT,5.0,0.9452726537703171,_7324D6723635494784A4D8A9578FCE8A
_0DEC4920744048C5B136B40090428948,TROY_ANG,5.0,-7.9359152524711005,_7324D6723635494784A4D8A9578FCE8A
_0E2507C6DA854A39A75E3EBADA882446,MAPL_VOLT,5.0,1.0057054849500549,_7AC1BC6CDFAF4F26A97AD322E9F5AD31
_1092FC782BA546479EB039E18D13844D,MAPL_ANG,5.0,16.352432910955837,_7AC1BC6CDFAF4F26A97AD322E9F5AD31
_11691578444A449C95B5D999955F8E3B,GRAN_VOLT,5.0,0.9819742308090351,_7DD325DCEFC248989B72AAD58D3DD4E9
_121025A0C8334FEBB8D6BFB953D8CE54,GRAN_ANG,5.0,11.502823812250453,_7DD325DCEFC248989B72AAD58D3DD4E9
_1329670D0EE04FBAA5D15ED8DA17C073,WAUT_VOLT,5.0,0.9894015237699576,_95D3CD0256FB4C9DB2860CFEFA45CD57
_141EB0670C394F5DB9D2E85567C7C474,WAUT_ANG,5.0,12.179610670523203,_95D3CD0256FB4C9DB2860CFEFA45CD57
_14F8FF6E7ECD438AAD432529AA2D087F,CROSS_VOLT,5.0,0.9346810242379857,_9D8BB8E8B5DB40F6ABF515042B7DFF97
_160795646A1F4EDA9DAB9898ECC88150,CROSS_ANG,5.0,-2.096463325595052,_9D8BB8E8B5DB40F6ABF515042B7DFF97
_01D9AE7C82794BF28EC9C743A09A5C11,CLAR_VOLT,14.0,1.0,_2BCC3D5923464FED9E08EB12EC388BD7
_02585A763FE446A599EABAAE1946E663,CLAR_ANG,14.0,0.0,_2BCC3D5923464FED9E08EB12EC388BD7
_048E634F63974DB9959C118F947A5C9F,AMHE_VOLT,14.0,1.0,_4273A87151C0409780237BFD866C23DA
_0713BD82B583442DBC61E779F2CF286B,AMHE_ANG,14.0,18.670300720901533,_4273A87151C0409780237BFD866C23DA
_0A37CB75E86846668F178FF9316D695B,WINL_VOLT,14.0,0.9999999999999998,_4F715892155341C8A76534537F095B49
_0A5BDB6E87604E929E2AFBD74EC49D76,WINL_ANG,14.0,19.90623890946792,_4F715892155341C8A76534537F095B49
_0B47C04EA3A045E3BACA27AF6809CCBF,BOWM_VOLT,14.0,0.9718503026339294,_58F637D8B03A4B12A67DF2E5797F9B6A
_0CDB2CCB4A86457DB174F44B0242DCA4,BOWM_ANG,14.0,-2.7461372321966335,_58F637D8B03A4B12A67DF2E5797F9B6A
_0D37A27132EA4D94A8F0749B0766D1CE,TROY_VOLT,14.0,0.9445287695648455,_7324D6723635494784A4D8A9578FCE8A
_0DEC4920744048C5B136B40090428948,TROY_ANG,14.0,-7.86192744942558,_7324D6723635494784A4D8A9578FCE8A
_0E2507C6DA854A39A75E3EBADA882446,MAPL_VOLT,14.0,1.0056803139785648,_7AC1BC6CDFAF4F26A97AD322E9F5AD31
_1092FC782BA546479EB039E18D13844D,MAPL_ANG,14.0,17.06729412713911,_7AC1BC6CDFAF4F26A97AD322E9F5AD31
_11691578444A449C95B5D999955F8E3B,GRAN_VOLT,14.0,0.9818970792159226,_7DD325DCEFC248989B72AAD58D3DD4E9
_121025A0C8334FEBB8D6BFB953D8CE54,GRAN_ANG,14.0,12.21783574126229,_7DD325DCEFC248989B72AAD58D3DD4E9
_1329670D0EE04FBAA5D15ED8DA17C073,WAUT_VOLT,14.0,0.9889851782375022,_95D3CD0256FB4C9DB2860CFEFA45CD57
_141EB0670C394F5DB9D2E85567C7C474,WAUT_ANG,14.0,12.757795656819487,_95D3CD0256FB4C9DB2860CFEFA45CD57
_14F8FF6E7ECD438AAD432529AA2D087F,CROSS_VOLT,14.0,0.9333245581746186,_9D8BB8E8B5DB40F6ABF515042B7DFF97
_160795646A1F4EDA9DAB9898ECC88150,CROSS_ANG,14.0,-1.8649110223667633,_9D8BB8E8B5DB40F6ABF515042B7DFF97
_01D9AE7C82794BF28EC9C743A09A5C11,CLAR_VOLT,16.0,1.0,_2BCC3D5923464FED9E08EB12EC388BD7
_02585A763FE446A599EABAAE1946E663,CLAR_ANG,16.0,0.0,_2BCC3D5923464FED9E08EB12EC388BD7
_048E634F63974DB9959C118F947A5C9F,AMHE_VOLT,16.0,0.9999999999999999,_4273A87151C0409780237BFD866C23DA
_0713BD82B583442DBC61E779F2CF286B,AMHE_ANG,16.0,19.30791657610887,_4273A87151C0409780237BFD866C23DA
_0A37CB75E86846668F178FF9316D695B,WINL_VOLT,16.0,0.9999999999999998,_4F715892155341C8A76534537F095B49
_0A5BDB6E87604E929E2AFBD74EC49D76,WINL_ANG,16.0,20.633433941814417,_4F715892155341C8A76534537F095B49
_0B47C04EA3A045E3BACA27AF6809CCBF,BOWM_VOLT,16.0,0.9709063949620195,_58F637D8B03A4B12A67DF2E5797F9B6A
_0CDB2CCB4A86457DB174F44B0242DCA4,BOWM_ANG,16.0,-2.6667723990730585,_58F637D8B03A4B12A67DF2E5797F9B6A
_0D37A27132EA4D94A8F0749B0766D1CE,TROY_VOLT,16.0,0.9425157783373492,_7324D6723635494784A4D8A9578FCE8A
_0DEC4920744048C5B136B40090428948,TROY_ANG,16.0,-7.988920836085679,_7324D6723635494784A4D8A9578FCE8A
_0E2507C6DA854A39A75E3EBADA882446,MAPL_VOLT,16.0,1.0056560158596681,_7AC1BC6CDFAF4F26A97AD322E9F5AD31
_1092FC782BA546479EB039E18D13844D,MAPL_ANG,16.0,17.79442051023975,_7AC1BC6CDFAF4F26A97AD322E9F5AD31
_11691578444A449C95B5D999955F8E3B,GRAN_VOLT,16.0,0.9818197935733523,_7DD325DCEFC248989B72AAD58D3DD4E9
_121025A0C8334FEBB8D6BFB953D8CE54,GRAN_ANG,16.0,12.945287602182614,_7DD325DCEFC248989B72AAD58D3DD4E9
_1329670D0EE04FBAA5D15ED8DA17C073,WAUT_VOLT,16.0,0.9886711925961077,_95D3CD0256FB4C9DB2860CFEFA45CD57
_141EB0670C394F5DB9D2E85567C7C474,WAUT_ANG,16.0,13.393527101261713,_95D3CD0256FB4C9DB2860CFEFA45CD57
_14F8FF6E7ECD438AAD432529AA2D087F,CROSS_VOLT,16.0,0.9322983769123937,_9D8BB8E8B5DB40F6ABF515042B7DFF97
_160795646A1F4EDA9DAB9898ECC88150,CROSS_ANG,16.0,-1.46374297529657,_9D8BB8E8B5DB40F6ABF515042B7DFF97
_01D9AE7C82794BF28EC9C743A09A5C11,CLAR_VOLT,11.0,1.0,_2BCC3D5923464FED9E08EB12EC388BD7
_02585A763FE446A599EABAAE1946E663,CLAR_ANG,11.0,0.0,_2BCC3D5923464FED9E08EB12EC388BD7
_048E634F63974DB9959C118F947A5C9F,AMHE_VOLT,11.0,0.9999999999999999,_4273A87151C0409780237BFD866C23DA
_0713BD82B583442DBC61E779F2CF286B,AMHE_ANG,11.0,1.6301509377404564,_4273A87151C0409780237BFD866C23DA
_0A37CB75E86846668F178FF9316D695B,WINL_VOLT,11.0,0.9999999999999999,_4F715892155341C8A76534537F095B49
_0A5BDB6E87604E929E2AFBD74EC49D76,WINL_ANG,11.0,-9.415528243858878,_4F715892155341C8A76534537F095B49
_0B47C04EA3A045E3BACA27AF6809CCBF,BOWM_VOLT,11.0,0.9891958921367918,_58F637D8B03A4B12A67DF2E5797F9B6A
_0CDB2CCB4A86457DB174F44B0242DCA4,BOWM_ANG,11.0,-5.43212157747889,_58F637D8B03A4B12A67DF2E5797F9B6A
_0D37A27132EA4D94A8F0749B0766D1CE,TROY_VOLT,11.0,0.9768211604320166,_7324D6723635494784A4D8A9578FCE8A
_0DEC4920744048C5B136B40090428948,TROY_ANG,11.0,-10.034384584238092,_7324D6723635494784A4D8A9578FCE8A
_0E2507C6DA854A39A75E3EBADA882446,MAPL_VOLT,11.0,0.999525200880094,_7AC1BC6CDFAF4F26A97AD322E9F5AD31
_1092FC782BA546479EB039E18D13844D,MAPL_ANG,11.0,-9.415528243858878,_7AC1BC6CDFAF4F26A97AD322E9F5AD31
_11691578444A449C95B5D999955F8E3B,GRAN_VOLT,11.0,0.9827134326539255,_7DD325DCEFC248989B72AAD58D3DD4E9
_121025A0C8334FEBB8D6BFB953D8CE54,GRAN_ANG,11.0,-8.774163233115285,_7DD325DCEFC248989B72AAD58D3DD4E9
_1329670D0EE04FBAA5D15ED8DA17C073,WAUT_VOLT,11.0,0.9953546978282191,_95D3CD0256FB4C9DB2860CFEFA45CD57
_141EB0670C394F5DB9D2E85567C7C474,WAUT_ANG,11.0,-4.244384977139686,_95D3CD0256FB4C9DB2860CFEFA45CD57
_14F8FF6E7ECD438AAD432529AA2D087F,CROSS_VOLT,11.0,0.9610378688857432,_9D8BB8E8B5DB40F6ABF515042B7DFF97
_160795646A1F4EDA9DAB9898ECC88150,CROSS_ANG,11.0,-9.278827945529711,_9D8BB8E8B5DB40F6ABF515042B7DFF97
_01D9AE7C82794BF28EC9C743A09A5C11,CLAR_VOLT,20.0,1.0,_2BCC3D5923464FED9E08EB12EC388BD7
_02585A763FE446A599EABAAE1946E663,CLAR_ANG,20.0,0.0,_2BCC3D5923464FED9E08EB12EC388BD7
_048E634F63974DB9959C118F947A5C9F,AMHE_VOLT,20.0,0.9999999999999999,_4273A87151C0409780237BFD866C23DA
_0713BD82B583442DBC61E779F2CF286B,AMHE_ANG,20.0,2.545763559072072,_4273A87151C0409780237BFD866C23DA
_0A37CB75E86846668F178FF9316D695B,WINL_VOLT,20.0,0.9999999999999999,_4F715892155341C8A76534537F095B49
_0A5BDB6E87604E929E2AFBD74EC49D76,WINL_ANG,20.0,-8.479765629870137,_4F715892155341C8A76534537F095B49
_0B47C04EA3A045E3BACA27AF6809CCBF,BOWM_VOLT,20.0,0.9901432069709635,_58F637D8B03A4B12A67DF2E5797F9B6A
_0CDB2CCB4A86457DB174F44B0242DCA4,BOWM_ANG,20.0,-4.978053190444626,_58F637D8B03A4B12A67DF2E5797F9B6A
_0D37A27132EA4D94A8F0749B0766D1CE,TROY_VOLT,20.0,0.9787100303754371,_7324D6723635494784A4D8A9578FCE8A
_0DEC4920744048C5B136B40090428948,TROY_ANG,20.0,-9.190367674319306,_7324D6723635494784A4D8A9578FCE8A
_0E2507C6DA854A39A75E3EBADA882446,MAPL_VOLT,20.0,1.0001021599545132,_7AC1BC6CDFAF4F26A97AD322E9F5AD31
_1092FC782BA546479EB039E18D13844D,MAPL_ANG,20.0,-8.479765629870135,_7AC1BC6CDFAF4F26A97AD322E9F5AD31
_11691578444A449C95B5D999955F8E3B,GRAN_VOLT,20.0,0.983426649281675,_7DD325DCEFC248989B72AAD58D3DD4E9
_121025A0C8334FEBB8D6BFB953D8CE54,GRAN_ANG,20.0,-7.7967941623141845,_7DD325DCEFC248989B72AAD58D3DD4E9
_1329670D0EE04FBAA5D15ED8DA17C073,WAUT_VOLT,20.0,0.9958881495098515,_95D3CD0256FB4C9DB2860CFEFA45CD57
_141EB0670C394F5DB9D2E85567C7C474,WAUT_ANG,20.0,-3.32561457176557,_95D3CD0256FB4C9DB2860CFEFA45CD57
_14F8FF6E7ECD438AAD432529AA2D087F,CROSS_VOLT,20.0,0.9623844788931718,_9D8BB8E8B5DB40F6ABF515042B7DFF97
_160795646A1F4EDA9DAB9898ECC88150,CROSS_ANG,20.0,-8.485420377299794,_9D8BB8E8B5DB40F6ABF515042B7DFF97
_01D9AE7C82794BF28EC9C743A09A5C11,CLAR_VOLT,17.0,1.0,_2BCC3D5923464FED9E08EB12EC388BD7
_02585A763FE446A599EABAAE1946E663,CLAR_ANG,17.0,0.0,_2BCC3D5923464FED9E08EB12EC388BD7
_048E634F63974DB9959C118F947A5C9F,AMHE_VOLT,17.0,0.9999999999999998,_4273A87151C0409780237BFD866C23DA
_0713BD82B583442DBC61E779F2CF286B,AMHE_ANG,17.0,1.5114674438330682,_4273A87151C0409780237BFD866C23DA
_0A37CB75E86846668F178FF9316D695B,WINL_VOLT,17.0,0.9999999999999999,_4F715892155341C8A76534537F095B49
_0A5BDB6E87604E929E2AFBD74EC49D76,WINL_ANG,17.0,-9.509423632291764,_4F715892155341C8A76534537F095B49
_0B47C04EA3A045E3BACA27AF6809CCBF,BOWM_VOLT,17.0,0.9893714275865175,_58F637D8B03A4B12A67DF2E5797F9B6A
_0CDB2CCB4A86457DB174F44B0242DCA4,BOWM_ANG,17.0,-5.425875856988699,_58F637D8B03A4B12A67DF2E5797F9B6A
_0D37A27132EA4D94A8F0749B0766D1CE,TROY_VOLT,17.0,0.9771998236571005,_7324D6723635494784A4D8A9578FCE8A
_0DEC4920744048C5B136B40090428948,TROY_ANG,17.0,-10.001506329513937,_7324D6723635494784A4D8A9578FCE8A
_0E2507C6DA854A39A75E3EBADA882446,MAPL_VOLT,17.0,0.9994957401410758,_7AC1BC6CDFAF4F26A97AD322E9F5AD31
_1092FC782BA546479EB039E18D13844D,MAPL_ANG,17.0,-9.509423632291764,_7AC1BC6CDFAF4F26A97AD322E9F5AD31
_11691578444A449C95B5D999955F8E3B,GRAN_VOLT,17.0,0.9825078831167386,_7DD325DCEFC248989B72AAD58D3DD4E9
_121025A0C8334FEBB8D6BFB953D8CE54,GRAN_ANG,17.0,-8.941962301096064,_7DD325DCEFC248989B72AAD58D3DD4E9
_1329670D0EE04FBAA5D15ED8DA17C073,WAUT_VOLT,17.0,0.9952967719640391,_95D3CD0256FB4C9DB2860CFEFA45CD57
_141EB0670C394F5DB9D2E85567C7C474,WAUT_ANG,17.0,-4.3634115698421185,_95D3CD0256FB4C9DB2860CFEFA45CD57
_14F8FF6E7ECD438AAD432529AA2D087F,CROSS_VOLT,17.0,0.9612988952563241,_9D8BB8E8B5DB40F6ABF515042B7DFF97
_160795646A1F4EDA9DAB9898ECC88150,CROSS_ANG,17.0,-9.287552249869066,_9D8BB8E8B5DB40F6ABF515042B7DFF97
_01D9AE7C82794BF28EC9C743A09A5C11,CLAR_VOLT,13.0,1.0,_2BCC3D5923464FED9E08EB12EC388BD7
_02585A763FE446A599EABAAE1946E663,CLAR_ANG,13.0,0.0,_2BCC3D5923464FED9E08EB12EC388BD7
_048E634F63974DB9959C118F947A5C9F,AMHE_VOLT,13.0,0.9999999999999998,_4273A87151C0409780237BFD866C23DA
_0713BD82B583442DBC61E779F2CF286B,AMHE_ANG,13.0,1.854672755734553,_4273A87151C0409780237BFD866C23DA
_0A37CB75E86846668F178FF9316D695B,WINL_VOLT,13.0,0.9999999999999998,_4F715892155341C8A76534537F095B49
_0A5BDB6E87604E929E2AFBD74EC49D76,WINL_ANG,13.0,-9.175232871269333,_4F715892155341C8A76534537F095B49
_0B47C04EA3A045E3BACA27AF6809CCBF,BOWM_VOLT,13.0,0.9893931028247502,_58F637D8B03A4B12A67DF2E5797F9B6A
_0CDB2CCB4A86457DB174F44B0242DCA4,BOWM_ANG,13.0,-5.328353523645475,_58F637D8B03A4B12A67DF2E5797F9B6A
_0D37A27132EA4D94A8F0749B0766D1CE,TROY_VOLT,13.0,0.9773009862150017,_7324D6723635494784A4D8A9578FCE8A
_0DEC4920744048C5B136B40090428948,TROY_ANG,13.0,-9.821990572046795,_7324D6723635494784A4D8A9578FCE8A
_0E2507C6DA854A39A75E3EBADA882446,MAPL_VOLT,13.0,0.9996819717788357,_7AC1BC6CDFAF4F26A97AD322E9F5AD31
_1092FC782BA546479EB039E18D13844D,MAPL_ANG,13.0,-9.175232871269333,_7AC1BC6CDFAF4F26A97AD322E9F5AD31
_11691578444A449C95B5D999955F8E3B,GRAN_VOLT,13.0,0.982923923093296,_7DD325DCEFC248989B72AAD58D3DD4E9
_121025A0C8334FEBB8D6BFB953D8CE54,GRAN_ANG,13.0,-8.520767359342132,_7DD325DCEFC248989B72AAD58D3DD4E9
_1329670D0EE04FBAA5D15ED8DA17C073,WAUT_VOLT,13.0,0.9954833344741909,_95D3CD0256FB4C9DB2860CFEFA45CD57
_141EB0670C394F5DB9D2E85567C7C474,WAUT_ANG,13.0,-4.019101379174393,_95D3CD0256FB4C9DB2860CFEFA45CD57
_14F8FF6E7ECD438AAD432529AA2D087F,CROSS_VOLT,13.0,0.9612377193277619,_9D8BB8E8B5DB40F6ABF515042B7DFF97
_160795646A1F4EDA9DAB9898ECC88150,CROSS_ANG,13.0,-9.115721722704238,_9D8BB8E8B5DB40F6ABF515042B7DFF97
_01D9AE7C82794BF28EC9C743A09A5C11,CLAR_VOLT,18.0,1.0,_2BCC3D5923464FED9E08EB12EC388BD7
_02585A763FE446A599EABAAE1946E663,CLAR_ANG,18.0,0.0,_2BCC3D5923464FED9E08EB12EC388BD7
_048E634F63974DB9959C118F947A5C9F,AMHE_VOLT,18.0,0.9999999999999999,_4273A87151C0409780237BFD866C23DA
_0713BD82B583442DBC61E779F2CF286B,AMHE_ANG,18.0,2.1824361021798278,_4273A87151C0409780237BFD866C23DA
_0A37CB75E86846668F178FF9316D695B,WINL_VOLT,18.0,0.9999999999999999,_4F715892155341C8A76534537F095B49
_0A5BDB6E87604E929E2AFBD74EC49D76,WINL_ANG,18.0,-8.95293358466598,_4F715892155341C8A76534537F095B49
_0B47C04EA3A045E3BACA27AF6809CCBF,BOWM_VOLT,18.0,0.9894813099914589,_58F637D8B03A4B12A67DF2E5797F9B6A
_0CDB2CCB4A86457DB174F44B0242DCA4,BOWM_ANG,18.0,-5.234052458599102,_58F637D8B03A4B12A67DF2E5797F9B6A
_0D37A27132EA4D94A8F0749B0766D1CE,TROY_VOLT,18.0,0.9768457023029562,_7324D6723635494784A4D8A9578FCE8A
_0DEC4920744048C5B136B40090428948,TROY_ANG,18.0,-9.800574088801788,_7324D6723635494784A4D8A9578FCE8A
_0E2507C6DA854A39A75E3EBADA882446,MAPL_VOLT,18.0,0.9997269431733585,_7AC1BC6CDFAF4F26A97AD322E9F5AD31
_1092FC782BA546479EB039E18D13844D,MAPL_ANG,18.0,-8.95293358466598,_7AC1BC6CDFAF4F26A97AD322E9F5AD31
_11691578444A449C95B5D999955F8E3B,GRAN_VOLT,18.0,0.9831706289241066,_7DD325DCEFC248989B72AAD58D3DD4E9
_121025A0C8334FEBB8D6BFB953D8CE54,GRAN_ANG,18.0,-8.181864659095346,_7DD325DCEFC248989B72AAD58D3DD4E9
_1329670D0EE04FBAA5D15ED8DA17C073,WAUT_VOLT,18.0,0.9956792888286418,_95D3CD0256FB4C9DB2860CFEFA45CD57
_141EB0670C394F5DB9D2E85567C7C474,WAUT_ANG,18.0,-3.690177980858918,_95D3CD0256FB4C9DB2860CFEFA45CD57
_14F8FF6E7ECD438AAD432529AA2D087F,CROSS_VOLT,18.0,0.961797569614515,_9D8BB8E8B5DB40F6ABF515042B7DFF97
_160795646A1F4EDA9DAB9898ECC88150,CROSS_ANG,18.0,-8.806329142904785,_9D8BB8E8B5DB40F6ABF515042B7DFF97
